{"cameraMode":{"drawMode":0,"name":"Shaded","section":"Shading Mode"},"sceneLighting":false,"audioPlay":false,"sceneViewState":{"m_AlwaysRefresh":false,"showFog":true,"showSkybox":false,"showFlares":true,"showImageEffects":true,"showParticleSystems":true,"showVisualEffectGraphs":true,"m_FxEnabled":true},"in2DMode":false,"pivot":{"x":0.7944134473800659,"y":-0.19373852014541627,"z":0.3307061791419983},"rotation":{"x":-0.12301183491945267,"y":-0.6035635471343994,"z":0.0949137732386589,"w":-0.7820656299591065},"size":1.8702733516693116,"orthographic":false}