{"cameraMode":{"drawMode":0,"name":"Shaded","section":"Shading Mode"},"sceneLighting":false,"audioPlay":false,"sceneViewState":{"m_AlwaysRefresh":false,"showFog":true,"showSkybox":false,"showFlares":true,"showImageEffects":true,"showParticleSystems":true,"showVisualEffectGraphs":true,"m_FxEnabled":true},"in2DMode":false,"pivot":{"x":0.5352153778076172,"y":-0.12313547730445862,"z":0.34468722343444826},"rotation":{"x":0.004762154538184404,"y":0.9950481653213501,"z":-0.07927338033914566,"w":0.0597744844853878},"size":0.7498329281806946,"orthographic":true}